ID,firstname,lastname,email,region
Sample001,Emma,Johnson,emma.johnson@email.com,Adland
Sample002,Liam,Miller,liam.miller@email.com,Analytica
Sample003,Olivia,Smith,olivia.smith@email.com,Innovatopia
Sample004,Noah,Taylor,noah.taylor@email.com,AInnovate
Sample005,Ava,Jones,ava.jones@email.com,MobiLand
Sample006,Isaac,White,isaac.white@email.com,Adland
Sample007,Sophia,Clark,sophia.clark@email.com,Analytica
Sample008,Mason,Brown,mason.brown@email.com,Innovatopia
Sample009,Amelia,Davis,amelia.davis@email.com,AInnovate
Sample010,Elijah,Moore,elijah.moore@email.com,MobiLand
Sample011,Grace,Wilson,grace.wilson@email.com,Adland
Sample012,Carter,Hill,carter.hill@email.com,Analytica
Sample013,Chloe,Baker,chloe.baker@email.com,Innovatopia
Sample014,Jackson,Turner,jackson.turner@email.com,AInnovate
Sample015,Lily,Evans,lily.evans@email.com,MobiLand
Sample016,Logan,Ward,logan.ward@email.com,Adland
Sample017,Harper,Fisher,harper.fisher@email.com,Analytica
Sample018,Oliver,Fletcher,oliver.fletcher@email.com,Innovatopia
Sample019,Evelyn,Hudson,evelyn.hudson@email.com,AInnovate
Sample020,Mia,Reed,mia.reed@email.com,MobiLand
Sample021,Lucas,Collins,lucas.collins@email.com,Adland
Sample022,Avery,Barnes,avery.barnes@email.com,Analytica
Sample023,Ethan,Price,ethan.price@email.com,Innovatopia
Sample024,Aria,Cooper,aria.cooper@email.com,AInnovate
Sample025,Caleb,Harrison,caleb.harrison@email.com,MobiLand
